City,Lat,Lng,Max Temp,Humidity,Cloudiness,Wind Speed,Country,Date
Cabo San Lucas,22.89,-109.91,87.8,58,5,10.29,MX,1603501262
Kapaa,22.08,-159.32,82.0,78,90,12.75,US,1603501265
New Norfolk,-42.78,147.06,62.01,56,99,5.01,AU,1603501267
Puerto Ayora,-0.74,-90.35,69.01,92,52,1.01,EC,1603501257
Uvat,59.14,68.9,18.84,97,0,4.32,RU,1603501272
Rikitea,-23.12,-134.97,74.03,81,100,14.99,PF,1603501274
Busselton,-33.65,115.33,68.0,33,0,10.31,AU,1603501232
Klaksvík,62.23,-6.59,44.6,93,100,9.17,FO,1603501279
Ati,13.22,18.34,83.7,18,2,13.47,TD,1603501281
Bethel,41.37,-73.41,61.0,97,95,1.01,US,1603501284
Chokurdakh,70.63,147.92,10.29,91,98,7.34,RU,1603501286
Fort Nelson,58.81,-122.7,28.4,39,20,4.7,CA,1603501202
Albany,42.6,-73.97,64.99,82,4,6.67,US,1603501100
Barrow,71.29,-156.79,28.4,92,90,8.05,US,1603501271
Ancud,-41.87,-73.82,51.01,93,90,8.05,CL,1603501295
Pilot Butte,50.47,-104.42,23.0,45,90,6.93,CA,1603501297
Araouane,18.9,-3.53,86.86,12,0,3.13,ML,1603501299
Saint-Philippe,-21.36,55.77,71.6,68,40,3.36,RE,1603501260
Adrar,20.5,-10.07,86.36,14,59,6.64,MR,1603501304
Ushuaia,-54.8,-68.3,42.8,70,75,9.17,AR,1603501257
Ambilobe,-13.2,49.05,68.54,76,0,5.28,MG,1603501308
Praia,14.92,-23.51,78.8,78,40,17.22,CV,1603501310
Camabatela,-8.19,15.38,65.1,100,100,2.77,AO,1603501312
Mar del Plata,-38.0,-57.56,59.0,100,75,5.82,AR,1603501211
Hobart,-42.88,147.33,62.01,62,75,12.75,AU,1603501055
Tiksi,71.69,128.87,23.54,94,36,16.62,RU,1603501319
Nikolskoye,59.7,30.79,37.4,81,75,8.95,RU,1603501286
Punta Cardon,11.66,-70.22,82.85,79,100,26.8,VE,1603501323
Cape Town,-33.93,18.42,62.01,93,90,6.93,ZA,1603501286
Broken Hill,-31.95,141.43,53.6,93,90,29.97,AU,1603501328
Yellowknife,62.46,-114.35,23.0,67,20,4.7,CA,1603501199
Maniitsoq,65.42,-52.9,27.07,84,0,5.39,GL,1603501332
Lorengau,-2.02,147.27,85.73,61,90,6.04,PG,1603501263
Dikson,73.51,80.55,23.52,92,100,13.78,RU,1603501336
Aykhal,66.0,111.5,14.0,72,0,11.18,RU,1603501339
Huntington,38.42,-82.45,73.4,64,20,5.82,US,1603501211
Meghraj,23.5,73.5,70.59,33,0,3.76,IN,1603501343
Nanortalik,60.14,-45.24,34.14,89,100,3.38,GL,1603501345
Oboyan',51.21,36.28,53.6,71,0,8.95,RU,1603501348
San Luis,-33.3,-66.34,69.03,69,6,13.22,AR,1603501157
Saint-Michel-des-Saints,46.68,-73.92,59.31,91,10,12.21,CA,1603501352
Hithadhoo,-0.6,73.08,82.42,78,12,10.87,MV,1603501354
Verkhoyansk,67.54,133.38,20.97,88,98,9.1,RU,1603501357
College,64.86,-147.8,27.0,52,100,1.99,US,1603501123
Zaysan,47.47,84.87,36.21,84,86,3.31,KZ,1603501361
Jamestown,42.1,-79.24,70.0,56,1,9.17,US,1603501363
Vardø,70.37,31.11,37.47,96,100,25.28,NO,1603501365
Cayenne,4.93,-52.33,77.0,100,20,8.68,GF,1603501368
Cidreira,-30.18,-50.21,67.95,93,100,15.35,BR,1603501321
Aranos,-24.13,19.12,72.82,21,64,10.4,NA,1603501372
Port Alfred,-33.59,26.89,68.45,89,99,17.76,ZA,1603501374
Bilma,18.69,12.92,76.3,20,0,17.29,NE,1603501377
Makakilo City,21.35,-158.09,82.4,74,1,9.17,US,1603501245
Maralal,1.1,36.7,59.36,85,0,4.21,KE,1603501381
Ambovombe,-25.17,46.08,68.22,88,2,8.59,MG,1603501384
Faanui,-16.48,-151.75,79.12,71,100,7.58,PF,1603501284
Sept-Îles,50.2,-66.38,35.01,100,90,16.11,CA,1603501212
Dingle,11.0,122.67,75.87,92,100,10.0,PH,1603501390
Port Macquarie,-31.43,152.92,70.0,94,90,6.93,AU,1603501290
Arraial do Cabo,-22.97,-42.03,73.4,78,40,13.87,BR,1603501206
Khatanga,71.97,102.5,13.87,97,100,11.01,RU,1603501291
Paraná,-31.73,-60.52,73.0,91,82,1.01,AR,1603501294
Punta Arenas,-53.15,-70.92,44.6,75,75,5.82,CL,1603501401
Provideniya,64.38,-173.3,34.3,88,100,11.92,RU,1603501403
Omboué,-1.57,9.26,75.79,90,100,5.32,GA,1603501405
Derzhavīnsk,51.1,66.32,26.94,90,0,8.63,KZ,1603501409
Ol'ga,43.74,135.29,38.57,68,99,12.5,RU,1603501411
Lompoc,34.64,-120.46,64.4,72,1,9.17,US,1603501426
Esperance,-33.87,121.9,57.2,82,90,5.82,AU,1603501428
Zemio,5.03,25.14,69.13,95,99,0.4,CF,1603501430
Hofn,64.25,-15.21,43.02,92,100,10.33,IS,1603501432
Avarua,-21.21,-159.78,78.8,69,94,16.11,CK,1603501435
Batasan,12.77,120.78,79.59,79,100,5.95,PH,1603501437
Cherskiy,68.75,161.3,19.56,95,0,4.52,RU,1603501439
Pavino,59.11,46.14,40.46,97,100,5.64,RU,1603501441
Fayaoué,-20.65,166.53,77.49,78,0,11.41,NC,1603501443
Aasiaat,68.71,-52.87,19.26,95,99,5.93,GL,1603501455
Bluff,-46.6,168.33,73.0,48,100,13.0,NZ,1603501458
Pangnirtung,66.15,-65.71,26.74,95,100,3.09,CA,1603501460
Teya,60.38,92.63,23.04,96,34,3.49,RU,1603501462
Longyearbyen,78.22,15.64,21.2,79,75,5.82,SJ,1603501284
Hauterive,46.09,3.45,53.01,81,40,5.82,FR,1603501466
Esim,4.87,-2.24,76.91,89,52,4.83,GH,1603501400
Acoyapa,11.97,-85.17,77.13,90,95,5.19,NI,1603501471
Kalmunai,7.42,81.82,78.69,79,9,6.04,LK,1603501473
Erzin,36.96,36.2,72.0,41,0,8.99,TR,1603501475
Poum,-20.23,164.02,78.51,75,0,13.04,NC,1603501477
Leeton,-34.57,146.4,66.99,93,40,4.7,AU,1603501479
Lincoln,40.8,-96.67,35.01,64,90,14.99,US,1603501223
Ikryanoye,46.09,47.73,53.6,87,98,6.71,RU,1603501484
Ilulissat,69.22,-51.1,21.2,62,95,5.82,GL,1603501486
Vaini,-21.2,-175.2,77.0,78,75,9.17,TO,1603501265
Egvekinot,66.32,-179.17,24.01,94,6,8.95,RU,1603501490
Lensk,60.73,114.93,29.39,96,56,3.06,RU,1603501493
Sivas Province,39.79,37.0,48.2,49,0,5.82,TR,1603501495
Bharatpur,27.22,77.48,70.63,24,0,1.36,IN,1603501497
Kieta,-6.22,155.63,83.77,72,97,3.6,PG,1603501499
Hilo,19.73,-155.09,87.8,55,20,12.75,US,1603501501
Vanimo,-2.67,141.3,83.28,77,77,4.97,PG,1603501271
Lovozero,68.0,35.01,26.87,98,100,6.24,RU,1603501505
São João da Barra,-21.64,-41.05,73.11,80,100,13.91,BR,1603501269
Mwense,-10.38,28.7,76.44,44,100,2.75,ZM,1603501510
Ous,60.91,61.52,21.9,94,100,6.53,RU,1603501525
Ust'-Uda,54.17,103.03,37.33,88,90,3.11,RU,1603501528
Sampit,-2.53,112.95,82.15,84,100,1.86,ID,1603501530
Richards Bay,-28.78,32.04,68.11,85,87,11.7,ZA,1603501532
Ribeira Grande,38.52,-28.7,66.65,79,29,21.23,PT,1603501296
Nāhan,30.55,77.3,63.0,34,0,4.18,IN,1603501537
Port Elizabeth,-33.92,25.57,68.0,94,90,19.46,ZA,1603501539
Puerto Escondido,15.85,-97.07,84.2,66,75,8.05,MX,1603501359
Vila Velha,-20.33,-40.29,69.8,94,90,3.36,BR,1603501547
Castro,-24.79,-50.01,61.83,96,100,8.28,BR,1603501549
Koumac,-20.57,164.28,82.58,58,12,6.2,NC,1603501551
Ilhabela,-23.78,-45.36,71.33,79,26,11.88,BR,1603501554
Zaraza,9.35,-65.32,75.38,94,0,5.66,VE,1603501556
Karratha,-20.74,116.85,78.94,39,0,10.78,AU,1603501558
Zabid,14.2,43.32,82.81,66,0,3.8,YE,1603501560
Inhambane,-23.86,35.38,71.13,81,84,6.02,MZ,1603501562
Constitución,-35.33,-72.42,50.29,82,0,10.25,CL,1603501564
Carnarvon,-24.87,113.63,73.4,64,0,18.34,AU,1603501566
Mataura,-46.19,168.86,73.0,48,99,13.0,NZ,1603501568
Sur,22.57,59.53,77.79,62,0,13.6,OM,1603501571
Olafsvik,64.89,-23.71,42.94,76,22,13.87,IS,1603501573
Butaritari,3.07,172.79,81.77,73,3,12.48,KI,1603501575
Mil'kovo,54.72,158.62,38.66,74,100,1.61,RU,1603501577
Mount Isa,-20.73,139.5,82.4,54,90,9.17,AU,1603501292
Nuevo Progreso,23.17,-97.95,80.01,61,3,2.3,MX,1603501581
Comodoro Rivadavia,-45.87,-67.5,60.8,51,0,4.7,AR,1603501366
Schlüchtern,50.35,9.53,53.01,99,54,5.7,DE,1603501586
Kulhudhuffushi,6.62,73.07,81.59,77,30,10.76,MV,1603501588
Tuktoyaktuk,69.45,-133.04,24.8,92,90,6.93,CA,1603501295
Puerto Baquerizo Moreno,-0.9,-89.6,69.31,86,9,8.93,EC,1603501351
Te Anau,-45.42,167.72,60.37,61,100,10.83,NZ,1603501303
Isangel,-19.55,169.27,80.6,78,90,5.82,VU,1603501552
Boende,-0.22,20.87,71.67,93,100,1.7,CD,1603501599
Kavieng,-2.57,150.8,84.61,62,84,3.98,PG,1603501601
Walvis Bay,-22.96,14.51,60.01,87,6,2.24,NA,1603501603
Hermanus,-34.42,19.23,64.0,92,89,4.03,ZA,1603501606
Markala,13.7,-6.07,81.07,23,0,5.7,ML,1603501608
Norrtälje,59.76,18.7,39.0,90,0,3.0,SE,1603501610
Lebu,-37.62,-73.65,50.85,88,100,3.98,CL,1603501612
Belaya Gora,68.53,146.42,10.99,90,41,3.78,RU,1603501461
Tasiilaq,65.61,-37.64,33.8,59,100,11.41,GL,1603501567
Sitka,57.05,-135.33,42.8,28,1,8.05,US,1603501620
Rawlins,41.79,-107.24,35.6,34,1,17.22,US,1603501624
Torbay,47.67,-52.73,39.2,86,75,3.65,CA,1603501516
Itarema,-2.92,-39.92,79.52,80,21,16.15,BR,1603501629
Dubbo,-32.25,148.62,71.6,73,90,16.11,AU,1603501631
Pirogovo,56.78,53.15,32.0,95,100,1.01,RU,1603501633
Mitsamiouli,-11.38,43.28,78.91,76,1,8.46,KM,1603501635
Pinan,58.68,11.65,51.01,95,100,11.99,SE,1603501640
Philadelphia,39.95,-75.16,66.2,88,75,9.17,US,1603501361
Atuona,-9.8,-139.03,78.62,71,0,17.83,PF,1603501644
East London,-33.02,27.91,69.8,76,79,7.87,ZA,1603501646
Cabedelo,-6.98,-34.83,77.0,88,20,8.05,BR,1603501648
Heraclea,37.51,34.05,58.75,34,1,4.34,TR,1603501650
Srednekolymsk,67.45,153.68,21.6,92,0,3.71,RU,1603501653
Valtotopi,41.0,23.6,61.0,68,0,1.05,GR,1603501655
Ziro,27.63,93.83,53.76,100,100,1.7,IN,1603501657
Santo Domingo,18.5,-69.99,84.0,78,20,4.7,DO,1603501510
Half Moon Bay,37.46,-122.43,68.0,72,1,9.17,US,1603501661
Prince Rupert,54.32,-130.32,42.8,41,1,6.93,CA,1603501629
Saskylakh,71.92,114.08,17.44,96,100,5.59,RU,1603501666
Hualmay,-11.1,-77.61,62.42,82,88,3.31,PE,1603501607
Severo-Kuril'sk,50.68,156.12,43.56,85,100,36.13,RU,1603501552
Bambous Virieux,-20.34,57.76,73.4,73,40,9.17,MU,1603501554
Havøysund,71.0,24.66,37.4,86,75,35.57,NO,1603501674
Port-Cartier,50.03,-66.87,35.01,100,90,16.11,CA,1603501676
Solnechnyy,50.72,136.63,33.35,93,100,18.63,RU,1603501678
Hamilton,39.18,-84.53,66.99,90,74,7.78,US,1603501407
Iqaluit,63.75,-68.51,26.6,79,75,4.7,CA,1603501407
Iracoubo,5.48,-53.2,81.41,82,83,10.83,GF,1603501684
Haines Junction,60.75,-137.51,23.16,80,100,1.57,CA,1603501686
Tuy Hoa,13.08,109.3,75.58,75,100,4.07,VN,1603501645
Bredasdorp,-34.53,20.04,66.2,93,62,2.24,ZA,1603501545
Srīvardhan,18.03,73.02,76.8,87,5,6.15,IN,1603501693
Aklavik,68.22,-135.01,26.6,86,20,4.7,CA,1603501695
Hasaki,35.73,140.83,63.0,77,75,8.05,JP,1603501550
Kutum,14.2,24.67,71.56,21,2,11.7,SD,1603501699
Havelock,34.88,-76.9,71.01,83,90,3.36,US,1603501701
Steinbach am Taunus,50.17,8.57,54.0,93,20,4.7,DE,1603501703
Codrington,-38.27,141.97,53.65,69,69,18.63,AU,1603501706
Talavera,15.62,120.93,80.6,88,75,2.24,PH,1603501708
Tura,25.52,90.22,70.18,99,100,4.27,IN,1603501603
Safi,32.3,-9.24,64.71,73,0,11.52,MA,1603501712
George Town,5.41,100.34,80.6,88,20,3.8,MY,1603501554
Praia da Vitória,38.73,-27.07,64.99,82,40,13.94,PT,1603501609
Alta Floresta,-9.88,-56.09,72.16,94,100,3.83,BR,1603501719
Kaitangata,-46.28,169.85,66.99,57,3,4.9,NZ,1603501721
Brae,60.4,-1.35,48.2,81,42,13.87,GB,1603501723
Saint George,37.1,-113.58,73.4,17,1,2.17,US,1603501725
Capelinha,-17.69,-42.52,61.93,99,99,4.41,BR,1603501727
Hambantota,6.12,81.12,75.2,100,20,6.93,LK,1603501729
Santa Rosa,14.31,121.11,84.0,88,40,3.36,PH,1603501732
San Quintín,30.48,-115.95,66.88,74,100,9.93,MX,1603501734
Cento,44.73,11.29,62.01,100,90,6.93,IT,1603501736
Leningradskiy,69.38,178.42,23.47,91,0,4.09,RU,1603501738
Taunggyi,20.78,97.03,62.89,100,100,3.8,MM,1603501685
Oistins,13.07,-59.53,84.2,70,40,26.4,BB,1603501742
Monterey,36.25,-121.25,69.8,56,1,12.75,US,1603501744
Tartous,34.89,35.89,77.0,52,0,6.93,SY,1603501746
Concordia,-31.39,-58.02,69.01,96,100,11.01,AR,1603501748
Rtishchevo,52.26,43.79,52.36,93,100,12.39,RU,1603501751
Pitimbu,-7.47,-34.81,77.0,88,20,8.05,BR,1603501753
Topeka,39.05,-95.68,41.0,60,90,11.41,US,1603501503
Wodonga,-36.12,146.88,64.4,100,90,9.17,AU,1603501757
Biloela,-24.42,150.5,76.19,65,100,8.19,AU,1603501759
Bilibino,68.05,166.44,19.36,89,0,0.94,RU,1603501656
Atherton,53.52,-2.49,46.0,86,100,5.01,GB,1603501764
Harper,4.38,-7.72,76.87,90,79,6.69,LR,1603501766
Longyan,25.11,117.02,64.83,48,13,4.25,CN,1603501768
Santiago del Estero,-27.8,-64.26,76.12,73,69,12.37,AR,1603501648
Măieru,47.4,24.75,50.76,66,100,1.41,RO,1603501773
Slonim,53.09,25.32,49.62,96,100,3.67,BY,1603501775
Ponta do Sol,32.67,-17.1,66.2,63,40,5.82,PT,1603501777
Kenai,60.55,-151.26,41.0,60,90,16.11,US,1603501779
Grand-Lahou,5.14,-5.02,77.09,89,3,3.47,CI,1603501781
Pamplona,42.82,-1.64,46.4,93,0,2.24,ES,1603501601
Gamba,-2.65,10.0,76.19,87,100,6.26,GA,1603501785
Santa Maria,-29.68,-53.81,66.74,93,64,4.41,BR,1603501732
Sidi Ali,36.1,0.42,62.17,84,100,4.72,DZ,1603501790
Kupang,-10.17,123.58,69.8,100,20,5.82,ID,1603501575
Cap Malheureux,-19.98,57.61,73.4,73,40,9.17,MU,1603501794
Alice Springs,-23.7,133.88,69.8,52,40,9.17,AU,1603501714
Polson,47.69,-114.16,28.0,41,100,0.6,US,1603501798
Airai,-8.93,125.41,75.85,65,7,1.83,TL,1603501607
Pimampiro,0.4,-77.97,59.16,67,86,4.76,EC,1603501802
Kahului,20.89,-156.47,87.8,55,40,12.75,US,1603501543
Kaeo,-35.1,173.78,68.43,65,27,7.4,NZ,1603501806
Sangar,63.92,127.47,17.82,95,100,15.26,RU,1603501809
Nemuro,43.32,145.57,57.2,71,20,10.29,JP,1603501811
Port Hardy,50.7,-127.42,44.6,93,90,8.05,CA,1603501559
Tamandaré,-8.76,-35.1,76.69,86,0,9.57,BR,1603501815
Narsaq,60.92,-46.05,28.4,74,97,3.36,GL,1603501817
Moerai,-22.43,-151.33,68.04,87,100,25.19,PF,1603501819
Celestún,20.87,-90.4,81.18,83,49,12.12,MX,1603501821
Tocopilla,-22.09,-70.2,62.38,65,24,6.58,CL,1603501580
Manga,11.66,-1.07,76.12,34,0,3.36,BF,1603501826
Pathalgaon,22.57,83.47,67.35,84,95,3.91,IN,1603501828
Katsuura,35.13,140.3,68.0,55,75,12.75,JP,1603501831
Tessalit,20.2,1.01,81.79,17,0,10.6,ML,1603501833
Buala,-8.14,159.59,87.03,63,52,5.82,SB,1603501682
Geraldton,-28.77,114.6,77.0,25,0,9.17,AU,1603501837
Takāb,36.4,47.11,45.68,57,0,2.19,IR,1603501627
Lavrentiya,65.58,-171.0,34.79,84,100,0.83,RU,1603501842
São Gabriel da Cachoeira,-0.13,-67.09,75.02,96,99,0.92,BR,1603501844
Gorontalo,0.54,123.06,87.15,58,95,3.38,ID,1603501846
Arrondissement de Limoux,42.92,2.17,55.4,93,75,8.05,FR,1603501848
Jiangkou,25.49,119.2,68.0,49,0,24.61,CN,1603501851
Sheridan,44.83,-106.92,21.99,85,1,4.7,US,1603501853
Gouyave,12.16,-61.73,80.6,88,75,17.22,GD,1603501855
Littleton,39.61,-105.02,32.0,74,75,6.93,US,1603501735
Ginda,30.69,78.49,59.0,87,0,6.24,IN,1603501859
Coos Bay,43.37,-124.22,57.99,100,90,6.93,US,1603501861
Jasper,37.2,-94.35,43.0,75,90,11.41,US,1603501863
Huarmey,-10.07,-78.15,62.64,83,100,2.15,PE,1603501866
Caravelas,-17.71,-39.25,72.93,90,83,7.11,BR,1603501868
Tuatapere,-46.13,167.68,73.0,48,100,13.0,NZ,1603501591
Kearney,40.7,-99.08,30.2,74,90,10.29,US,1603501872
Hoopstad,-27.83,25.91,68.2,42,31,4.79,ZA,1603501874
Yangi Marg`ilon,40.43,71.72,41.0,62,100,1.48,UZ,1603501876
Dunedin,-45.87,170.5,66.99,58,100,8.01,NZ,1603501878
Casper,42.87,-106.31,25.0,79,1,13.87,US,1603501715
Asău,46.43,26.4,54.0,67,98,4.0,RO,1603501883
Wanxian,30.8,108.39,69.03,61,40,3.65,CN,1603501885
Turinsk,58.05,63.7,22.86,93,49,6.73,RU,1603501887
Assaré,-6.87,-39.88,81.48,44,90,7.76,BR,1603501889
Amahai,-3.33,128.92,83.23,78,95,5.06,ID,1603501891
Thompson,55.74,-97.86,23.0,62,75,6.93,CA,1603501894
Muravlenko,63.79,74.52,10.89,96,52,7.67,RU,1603501896
Alofi,-19.06,-169.92,77.0,94,75,14.99,NU,1603501898
Kiryat Gat,31.61,34.76,70.0,83,0,3.36,IL,1603501805
Paamiut,61.99,-49.67,32.72,88,89,22.73,GL,1603501902
Zyryanka,65.75,150.85,24.13,94,0,5.55,RU,1603501904
Fengzhen,40.44,113.15,42.87,51,0,2.51,CN,1603501906
Radstadt,47.38,13.45,55.4,93,75,3.36,AT,1603501908
Wagar,16.15,36.2,81.77,48,0,7.0,SD,1603501910
Ahipara,-35.17,173.17,69.55,66,21,7.63,NZ,1603501913
Billings Metropolitan Area,45.78,-108.5,26.01,83,100,6.96,US,1603501869
Dutlwe,-23.98,23.9,76.71,27,43,7.14,BW,1603501917
Pevek,69.7,170.31,26.51,93,47,8.41,RU,1603501919
Talnakh,69.49,88.4,-5.8,83,40,6.71,RU,1603501921
North Platte,41.12,-100.77,28.4,68,1,4.7,US,1603501870
Tabuk,17.42,121.44,80.8,78,100,1.7,PH,1603501925
Narasannapeta,18.42,84.05,74.98,80,90,5.17,IN,1603501927
Sun Valley,39.6,-119.78,60.8,20,1,8.05,US,1603501930
Bermeo,43.42,-2.72,54.0,100,0,6.93,ES,1603501932
Vostok,46.49,135.88,26.31,100,100,12.64,RU,1603501941
Chernyshevskiy,63.01,112.47,20.26,97,0,5.23,RU,1603501943
Broome,42.25,-75.83,64.99,77,1,10.29,US,1603501945
Bajil,15.06,43.29,84.51,59,0,4.12,YE,1603501947
Charters Towers,-20.1,146.27,77.31,62,40,17.96,AU,1603501950
Uruçuí,-7.23,-44.56,81.9,50,37,1.28,BR,1603501960
Arman',59.7,150.17,39.31,83,100,3.62,RU,1603501963
Tazovsky,67.47,78.7,22.15,97,99,9.44,RU,1603501965
Kumul,42.8,93.45,47.66,43,0,7.05,CN,1603501967
Lucea,18.45,-78.17,78.8,78,20,17.22,JM,1603501969
Agadez,19.75,10.25,69.1,23,0,9.33,NE,1603501976
Butterworth,5.4,100.36,80.6,88,20,3.62,MY,1603501978
São Desidério,-12.36,-44.97,72.9,84,100,3.85,BR,1603501981
Waipawa,-41.41,175.52,66.2,63,0,19.46,NZ,1603501725
Sheregesh,52.92,87.99,29.95,98,100,2.66,RU,1603501985
Ambon City,-3.7,128.18,87.8,70,40,3.36,ID,1603501987
Rāvar,31.27,56.81,50.11,49,0,5.08,IR,1603501989
Kirakira,-10.45,161.92,84.04,76,59,8.48,SB,1603501991
Bathsheba,13.22,-59.52,84.2,70,40,26.4,BB,1603501994
Saint-Augustin,51.23,-58.65,34.27,83,84,0.18,CA,1603501996
Byron Bay,-28.65,153.62,75.2,78,75,10.29,AU,1603501998
Mahébourg,-20.41,57.7,73.4,73,40,11.41,MU,1603502000
Esso,55.93,158.7,35.46,81,100,4.65,RU,1603502002
Sinnamary,5.38,-52.95,80.37,84,90,9.55,GF,1603502004
Manicoré,-5.81,-61.3,75.97,94,84,2.26,BR,1603502007
Vanavara,60.34,102.28,31.57,94,100,10.09,RU,1603502009
Salamiyah,35.01,37.05,63.14,30,0,5.03,SY,1603502012
Camocim,-2.9,-40.84,78.51,82,1,13.15,BR,1603501928
Severo-Yeniseyskiy,60.37,93.04,21.94,99,78,5.06,RU,1603502016
Bengkulu,-3.8,102.27,77.77,86,100,3.36,ID,1603502018
Havre-St-Pierre,50.23,-63.6,35.6,74,90,6.93,CA,1603502020
Padang,-0.95,100.35,81.84,71,100,2.17,ID,1603502022
Marsá Maţrūḩ,31.35,27.25,64.4,77,0,3.76,EG,1603502025
Makaha,21.47,-158.22,82.4,100,75,4.7,US,1603502027
Novoukrayinka,48.33,31.53,52.75,56,100,3.87,UA,1603502029
Almaty,43.25,76.95,41.0,86,90,6.71,KZ,1603502031
Esmeraldas,-19.76,-44.31,66.2,77,75,11.41,BR,1603502033
Deer Lake,49.17,-57.43,37.4,86,75,2.1,CA,1603502035
Mikhaylovka,50.06,43.24,57.0,65,100,3.0,RU,1603502038
Khairpur Nathan Shah,27.09,67.73,68.29,21,0,6.22,PK,1603502040
Avera,33.19,-82.53,70.0,100,40,5.1,US,1603502042
Mount Gambier,-37.83,140.77,57.2,47,75,21.92,AU,1603501796
Batagay-Alyta,67.8,130.41,13.71,90,0,2.86,RU,1603502046
Shimanovsk,52.0,127.7,29.62,80,0,14.03,RU,1603502022
Chui,-33.7,-53.46,61.86,98,32,5.32,UY,1603502051
Soe,-9.86,124.28,83.84,57,49,2.51,ID,1603502068
Quatre Cocos,-20.21,57.76,73.4,73,40,11.41,MU,1603502070
Saint Paul Harbor,57.79,-152.41,46.4,93,90,19.46,US,1603502072
Angoche,-16.23,39.91,71.6,89,13,4.14,MZ,1603502074
Švenčionys,55.15,26.17,45.46,91,80,7.02,LT,1603502077
Yefremov,53.15,38.1,49.32,94,17,9.98,RU,1603502079
Concarneau,47.88,-3.92,55.4,100,90,5.82,FR,1603502081
Yulara,-25.24,130.99,66.2,52,75,11.41,AU,1603502083
Pisco,-13.7,-76.22,62.6,82,0,17.22,PE,1603502085
Grinnell,41.74,-92.72,41.0,80,90,20.8,US,1603502087
Chak Thirty-one -Eleven Left,30.43,72.7,65.32,27,0,3.96,PK,1603502089
Guánica,17.97,-66.91,82.0,76,5,1.01,PR,1603502091
Mangai,-4.05,19.53,70.66,99,100,2.57,CD,1603502100
San Cristobal,7.77,-72.22,66.49,90,90,2.01,VE,1603502103
Hay River,60.82,-115.8,23.0,67,40,4.7,CA,1603502105
Plettenberg Bay,-34.05,23.37,64.35,87,65,7.52,ZA,1603502107
Porto-Novo,6.5,2.6,77.27,89,77,5.64,BJ,1603502110
Tofield,53.37,-112.67,18.0,73,100,3.0,CA,1603502112
Jacksonville Beach,30.29,-81.39,77.0,83,40,10.29,US,1603502114
Mossamedes,-15.2,12.15,69.35,82,63,5.23,AO,1603502116
Tabou,4.42,-7.35,76.86,90,100,6.42,CI,1603502118
Suffolk,40.87,-72.8,62.6,82,90,3.36,US,1603502120
Khanbari,27.37,87.2,64.22,43,6,3.69,NP,1603502122
Ust-Kuyga,70.02,135.6,16.5,88,38,13.2,RU,1603502125
Russell,32.35,-85.2,75.2,88,1,3.22,US,1603502127
Kalemie,-5.95,29.19,72.21,79,92,7.54,CD,1603502129
Colares,38.8,-9.45,57.99,81,0,2.24,PT,1603502131
Bandarbeyla,9.49,50.81,76.32,75,93,3.89,SO,1603502134
Samandağ,36.08,35.98,59.0,62,0,3.36,TR,1603502136
Kagadi,0.96,30.8,61.21,99,2,1.23,UG,1603502138
Barysh,53.66,47.11,51.93,90,100,13.6,RU,1603502140
Pampa,35.54,-100.96,41.0,55,1,5.82,US,1603502142
Kalispell,48.2,-114.31,28.99,92,90,4.7,US,1603502145
Gaza,31.5,34.47,70.0,83,0,3.36,PS,1603502147
Acarí,-15.43,-74.62,66.06,61,44,3.18,PE,1603502149
Atambua,-9.11,124.89,87.1,57,29,2.55,ID,1603502151
Vila Franca do Campo,37.72,-25.43,66.2,77,20,16.11,PT,1603502153
Bāsār,27.98,94.67,71.6,100,90,4.7,IN,1603502155
Yoichi,43.2,140.77,51.8,71,75,8.05,JP,1603502004
Cedar City,37.68,-113.06,60.8,21,1,2.33,US,1603502057
Pandan,14.05,124.17,86.25,66,100,1.3,PH,1603502162
Coquimbo,-29.95,-71.34,53.6,87,37,4.7,CL,1603501993
Bredy,52.42,60.34,30.4,98,100,15.7,RU,1603502167
Spirit River,55.78,-118.84,18.0,78,90,5.82,CA,1603502169
Sant Feliu de Guíxols,41.78,3.03,55.99,93,20,1.12,ES,1603502171
Waingapu,-9.66,120.26,85.86,59,14,5.01,ID,1603502173
Beaverlodge,55.22,-119.44,15.8,78,90,5.82,CA,1603502175
Vila do Maio,15.13,-23.22,78.8,78,40,18.34,CV,1603502166
Santa Barbara,34.73,-120.03,64.99,72,1,6.93,US,1603502061
Pala,9.36,14.9,76.46,65,56,3.31,TD,1603502182
Portland,45.52,-122.68,55.0,62,90,9.17,US,1603501902
Bonthe,7.53,-12.51,78.55,85,87,2.82,SL,1603502186
Quthing,-30.4,27.7,66.7,53,100,11.01,LS,1603502188
Yining,29.04,114.56,59.36,57,80,2.13,CN,1603502191
Mafinga,-7.25,35.07,66.88,65,46,2.46,TZ,1603502198
Dubti,11.74,41.09,84.18,34,24,3.0,ET,1603502200
Joshīmath,30.57,79.57,48.16,43,0,4.47,IN,1603502202
Mineros,-17.12,-63.23,84.2,62,57,6.93,BO,1603502204
Panzhihua,26.59,101.71,60.57,66,85,1.5,CN,1603502206
Upernavik,72.79,-56.15,21.67,91,100,6.53,GL,1603502209
Ngunguru,-35.62,174.5,65.25,76,3,10.96,NZ,1603502211
Rawson,-43.3,-65.1,71.91,43,100,27.02,AR,1603502213
Bakchar,57.02,82.07,27.86,96,100,5.5,RU,1603502216
Kogon,39.72,64.55,41.0,60,0,4.7,UZ,1603502218
Cochabamba,-17.39,-66.16,66.2,48,20,3.36,BO,1603502220
San Rafael,-34.62,-68.33,74.17,39,0,8.28,AR,1603502222
Mezen',65.85,44.24,26.76,98,100,9.15,RU,1603502224
Atlantic Beach,30.33,-81.4,77.0,83,40,10.29,US,1603502226
Katherine,-14.47,132.27,91.4,49,19,11.41,AU,1603502229
Porto Santo,33.07,-16.34,66.2,68,20,4.7,PT,1603502231
Yerbogachën,61.28,108.01,26.44,98,12,5.3,RU,1603502233
Morón,-34.65,-58.62,69.01,92,90,1.01,AR,1603502235
Valday,57.97,33.25,43.68,88,100,11.43,RU,1603502237
Znamenskoye,57.13,73.83,23.27,91,94,8.66,RU,1603502239
João Pinheiro,-17.74,-46.17,68.23,87,100,10.02,BR,1603502241
Oodweyne,9.41,45.06,72.64,21,15,10.98,SO,1603502244
Popondetta,-8.75,148.25,88.45,55,100,2.93,PG,1603502246
Lima,-12.04,-77.03,63.0,82,75,8.05,PE,1603502139
Magangué,9.24,-74.75,78.15,89,100,5.39,CO,1603502251
Saint-Joseph,-21.37,55.62,69.8,73,0,6.93,RE,1603502253
‘Ewa Beach,21.32,-158.01,82.4,74,1,9.17,US,1603502255
Kommunisticheskiy,61.68,64.48,20.25,96,0,4.36,RU,1603502257
Cowra,-33.83,148.68,59.0,97,100,3.0,AU,1603502260
Canindé de São Francisco,-9.66,-37.79,73.89,79,0,7.9,BR,1603502262
Shache,38.42,77.24,44.19,52,0,9.89,CN,1603502264
Astoria,46.19,-123.83,57.99,93,90,14.99,US,1603502266
Yamada,39.47,141.95,55.83,54,54,12.44,JP,1603502268
Vaitape,-16.52,-151.75,79.95,69,100,7.58,PF,1603502270
Riacho de Santana,-13.61,-42.94,72.19,75,89,9.91,BR,1603502273
Vao,-22.67,167.48,73.92,86,4,16.58,NC,1603502275
Tual,-5.67,132.75,82.47,77,15,8.01,ID,1603502277
Imeni Babushkina,59.76,43.13,44.08,96,100,7.18,RU,1603502279
Kamenka,51.32,42.77,55.99,70,100,10.02,RU,1603502282
Ambulu,-8.35,113.61,82.63,73,9,3.02,ID,1603502284
Sambava,-14.27,50.17,70.63,82,0,10.18,MG,1603502286
Auki,-8.77,160.7,86.2,68,17,6.62,SB,1603502288
Belen,36.49,36.22,59.0,58,0,3.22,TR,1603502290
Port-Gentil,-0.72,8.78,78.3,86,100,11.16,GA,1603502292
Los Llanos de Aridane,28.66,-17.92,68.0,72,40,9.17,ES,1603502204
Andilamena,-17.02,48.58,59.5,89,53,8.14,MG,1603502297
Atar,20.52,-13.05,85.1,26,97,10.36,MR,1603502299
Kwang Binh,17.48,106.6,74.28,67,100,9.62,VN,1603502087
Krasnosel'kup,65.7,82.47,14.58,97,94,8.99,RU,1603502134
Kiruna,67.86,20.23,32.0,93,36,14.99,SE,1603502207
Nabire,-3.37,135.48,77.7,87,98,2.93,ID,1603502307
Beringovskiy,63.05,179.32,33.75,90,100,22.66,RU,1603502309
North Bend,43.41,-124.22,57.99,100,90,6.93,US,1603502312
General Roca,-39.03,-67.58,77.0,44,0,6.93,AR,1603502314
Irecê,-11.3,-41.86,75.58,58,14,17.49,BR,1603502316
Dahuk,36.87,42.99,61.77,30,0,3.51,IQ,1603502319
Douglas,41.3,-96.17,37.0,69,90,13.87,US,1603502321
Estelle,29.85,-90.11,78.01,100,75,5.82,US,1603502323
Kamaishi,39.27,141.88,51.8,81,75,3.36,JP,1603502325
Muisne,0.6,-80.03,74.62,87,78,11.95,EC,1603502166
Nizhniy Tsasuchey,50.52,115.13,34.92,84,0,3.36,RU,1603502337
Paciran,-6.88,112.38,84.2,69,0,3.33,ID,1603502339
São Francisco de Assis,-29.55,-55.13,69.39,86,100,6.78,BR,1603502341
Venice,27.1,-82.45,79.0,83,40,9.17,US,1603502248
Chizhou,30.66,117.48,57.6,53,0,6.6,CN,1603502345
Ostrovnoy,68.05,39.51,29.25,97,100,7.14,RU,1603502347
Fort-Shevchenko,44.51,50.26,58.53,84,95,13.29,KZ,1603502349
Chengzhong,30.95,113.55,57.2,62,71,6.71,CN,1603502351
Fonte Boa,-2.5,-66.27,74.89,94,100,0.4,BR,1603502354
Letnyaya Stavka,45.43,43.45,54.16,47,0,5.68,RU,1603502356
Marfino,55.7,37.38,51.8,76,40,13.42,RU,1603502358
Xichang,27.9,102.26,55.65,64,44,1.03,CN,1603502361
Kuytun,54.34,101.5,36.28,90,100,6.51,RU,1603502363
Bolu Province,40.67,31.58,58.87,44,0,3.47,TR,1603502365
Dilla,6.41,38.31,59.86,77,100,3.56,ET,1603502367
Tena,-0.98,-77.82,69.62,82,100,3.65,EC,1603502370
Meulaboh,4.14,96.13,79.97,80,20,3.56,ID,1603502205
Tarakan,3.3,117.63,80.53,84,100,5.57,ID,1603502375
Mollendo,-17.02,-72.01,63.09,80,100,3.67,PE,1603502377
Balabac,7.99,117.06,82.74,78,100,10.47,PH,1603502379
Kasongo-Lunda,-6.47,16.82,70.95,90,100,0.87,CD,1603502381
Shahreza,32.03,51.88,38.39,73,0,1.68,IR,1603502383
Coro,11.4,-69.67,80.85,80,100,15.28,VE,1603502385
Dubrovnik,42.65,18.09,55.4,76,0,4.7,HR,1603502387
Tiznit Province,29.58,-9.5,62.42,67,100,1.34,MA,1603502389
Oktyabr'skoye,43.06,44.74,35.6,40,0,4.47,RU,1603502392
Ust-Tsilma,65.44,52.15,24.39,91,100,10.16,RU,1603502394
Berlevåg,70.86,29.09,37.65,93,100,28.97,NO,1603502396
Santa Vitória do Palmar,-33.52,-53.37,62.78,98,71,5.23,BR,1603502398
Nazas,25.23,-104.13,77.31,28,0,5.3,MX,1603502400
Kautokeino,69.01,23.04,32.29,97,100,19.33,NO,1603502402
Ciudad del Carmen,18.63,-91.83,82.4,88,90,11.27,MX,1603502404
Oxford,51.75,-1.26,45.0,93,0,6.93,GB,1603502252
Şahbuz,39.41,45.57,51.8,71,0,9.17,AZ,1603502409
Kayes,14.0,-11.0,77.0,78,0,2.24,ML,1603502411
Honiara,-9.43,159.95,87.8,70,40,10.29,SB,1603502413
Sioux Lookout,50.1,-91.92,28.4,79,90,4.7,CA,1603502416
Labuhan,-6.88,112.21,83.88,70,0,5.12,ID,1603502418
Płońsk,52.62,20.38,54.0,100,75,6.93,PL,1603502420
Touros,-5.2,-35.46,77.0,94,75,10.29,BR,1603502283
Poltavka,54.37,71.76,23.36,90,1,10.25,RU,1603502424
Ceccano,41.57,13.33,61.0,88,100,0.2,IT,1603502426
Kavaratti,10.57,72.64,80.33,77,74,12.03,IN,1603502429
Soyo,-6.13,12.37,76.71,82,100,8.99,AO,1603502431
Lodja,-3.48,23.43,68.36,97,26,1.48,CD,1603502433
Maumere,-8.62,122.21,85.14,66,16,3.24,ID,1603502436
Mujiayingzi,42.12,118.78,45.01,51,0,5.93,CN,1603502438
Alyangula,-13.85,136.42,87.8,66,26,12.75,AU,1603502440
Kampong Thom,12.71,104.89,75.76,77,83,3.62,KH,1603502442
Ponta Delgada,37.73,-25.67,66.2,77,20,17.22,PT,1603502444
Kununurra,-15.77,128.73,93.2,56,68,6.93,AU,1603502447
Lagoa,39.05,-27.98,66.74,81,23,24.74,PT,1603502449
Rock Sound,24.9,-76.2,80.69,73,100,16.28,BS,1603502452
Newton Aycliffe,54.62,-1.57,45.0,84,100,10.69,GB,1603502454
Randolph,35.7,-79.82,66.2,93,1,3.27,US,1603502456
Dryden,49.78,-92.75,26.6,86,90,5.82,CA,1603502458
Tsimmerbude,54.67,20.13,50.0,93,90,2.24,RU,1603502461
Price,39.6,-110.81,51.8,17,1,1.21,US,1603502463
Zhangzhou,24.51,117.66,68.0,52,0,17.9,CN,1603502465
Muros,42.78,-9.06,61.0,82,100,20.0,ES,1603502468
Bukachacha,52.98,116.92,32.95,87,0,1.39,RU,1603502470
Pechora,65.15,57.22,21.51,91,87,10.71,RU,1603502479
Namatanai,-3.67,152.43,86.32,59,15,2.21,PG,1603502481
San Patricio,28.02,-97.52,81.0,83,20,4.7,US,1603502483
Mauá,-23.67,-46.46,66.2,77,75,5.82,BR,1603502486
Yarim,14.3,44.38,48.69,45,10,4.63,YE,1603502488
Coyhaique,-45.58,-72.07,51.8,71,90,5.82,CL,1603502404
Luwuk,-0.95,122.79,86.05,64,10,3.74,ID,1603502493
Nelson,-41.28,173.28,75.0,43,0,5.99,NZ,1603502495
Sembabule,-0.08,31.46,63.54,92,100,4.7,UG,1603502497
Sørland,67.67,12.69,43.56,71,33,15.21,NO,1603502499
Diamantino,-14.41,-56.45,75.85,78,99,5.77,BR,1603502292
Andenes,69.31,16.12,37.4,86,75,19.46,NO,1603502503
Cisarua,-6.65,106.47,91.99,70,20,5.82,ID,1603502506
Oranjemund,-28.55,16.43,57.92,86,0,4.29,NA,1603502508
Lappeenranta,61.06,28.19,34.0,100,0,5.82,FI,1603502510
Aswān,24.09,32.91,74.86,32,0,12.12,EG,1603502512
Tommot,58.96,126.29,24.75,92,32,0.25,RU,1603502514
Maroantsetra,-15.43,49.73,68.63,87,27,4.03,MG,1603502517
Labuan,5.28,115.24,80.6,88,20,2.24,MY,1603502519
Seoul,37.57,126.98,48.2,36,1,13.02,KR,1603502474
Faya,18.39,42.45,55.4,30,0,4.92,SA,1603502529
Piaçabuçu,-10.41,-36.43,76.73,84,6,8.28,BR,1603502531
Cockburn Town,21.46,-71.14,83.05,79,100,16.13,TC,1603502533
São Filipe,14.9,-24.5,80.31,77,83,11.99,CV,1603502535
Karasjok,69.47,25.51,35.6,93,99,24.16,NO,1603502538
Salalah,17.02,54.09,71.6,28,0,3.36,OM,1603502540
Nadym,65.53,72.52,12.33,93,89,10.16,RU,1603502542
Rapid City,44.08,-103.23,23.0,85,1,6.93,US,1603502352
Griffith,41.53,-87.42,44.6,75,90,9.17,US,1603502546
Antofagasta,-23.65,-70.4,57.2,87,90,10.29,CL,1603502548
Digras,20.12,77.72,72.45,76,51,2.48,IN,1603502551
Grindavik,63.84,-22.43,41.0,80,40,12.75,IS,1603502553
Matveyev Kurgan,47.56,38.87,56.19,96,100,7.49,RU,1603502555
Liusha,27.21,108.59,56.03,79,98,4.74,CN,1603502557
Norman Wells,65.28,-126.83,28.4,100,75,4.7,CA,1603502559
Mapiri,-15.25,-68.17,70.99,79,94,1.19,BO,1603502561
Sujiatun,41.66,123.34,39.2,55,0,4.47,CN,1603502564
Peniche,39.36,-9.38,55.99,90,100,4.79,PT,1603502566
Saldanha,-33.01,17.94,60.8,82,9,4.7,ZA,1603502568
Souillac,-20.52,57.52,73.4,73,40,11.41,MU,1603502570
Carauari,-4.88,-66.9,74.86,95,64,1.57,BR,1603502572
Lázaro Cárdenas,17.96,-102.2,81.14,83,100,5.28,MX,1603502574
Katobu,-4.94,122.53,91.36,50,6,3.06,ID,1603502576
Santa Lucía,27.91,-15.54,69.8,64,20,14.99,ES,1603502579
Wasilla,61.58,-149.44,36.0,37,90,3.36,US,1603502491
Nikel,69.41,30.22,32.0,98,98,8.05,RU,1603502583
Panguna,-6.32,155.48,77.65,88,100,0.72,PG,1603502585
Marawi,8.0,124.29,82.99,78,47,1.99,PH,1603502587
Saiha,22.48,92.97,69.49,94,100,2.26,IN,1603502589
Gråsten,54.92,9.6,55.4,93,95,13.24,DK,1603502592
Goderich,43.75,-81.72,50.0,88,100,22.66,CA,1603502477
Tarko-Sale,64.92,77.78,14.22,97,95,8.77,RU,1603502587
Gainesville,29.65,-82.32,72.0,94,1,5.82,US,1603502451
Lata,40.16,-8.33,55.0,88,58,1.59,PT,1603502601
Saint-Pierre,-21.34,55.48,69.8,73,0,6.93,RE,1603502603
Soubre,5.79,-6.61,72.05,98,80,0.87,CI,1603502607
Manzhouli,49.6,117.43,35.08,80,0,1.66,CN,1603502610
Sesheke,-17.48,24.3,62.6,48,0,4.59,ZM,1603502612
Kloulklubed,7.04,134.26,86.0,74,75,6.93,PW,1603502614
Turbat,26.0,63.04,73.2,19,0,39.82,PK,1603502616
Ellisras,-23.66,27.74,70.54,54,0,5.39,ZA,1603502619
Turukhansk,65.82,87.98,8.2,95,97,9.71,RU,1603502621
Port Lincoln,-34.73,135.87,54.91,63,100,19.98,AU,1603502623
Guerrero Negro,27.98,-114.06,68.2,76,0,13.73,MX,1603502585
São Tomé,0.34,6.73,78.51,85,100,7.14,ST,1603502391
Iberia,29.95,-91.75,71.6,100,20,5.82,US,1603502630
Hobyo,5.35,48.53,81.07,77,100,11.01,SO,1603502557
Thaton,16.92,97.37,77.25,86,100,3.74,MM,1603502634
Altay,47.87,88.12,39.58,71,100,3.58,CN,1603502636
